Année,Intensités de défaut
1,0.020202707317519466
2,0.025841231183887328
3,0.03514738776564548
4,0.03749191131008256
