Investment Grade,Default
0.9797972926824805,0.020202707317519466
0.0,1.0
