Investment Grade,Default
0.9625080886899174,0.03749191131008256
0.0,1.0
