Investment Grade,Default
0.9741587688161126,0.025841231183887328
0.0,1.0
