Investment Grade,Default
0.9648526122343545,0.03514738776564548
0.0,1.0
